model,fold,n_train,n_test,MAE,MAPE,MedAPE,core_MAPE,core_logMAE,bias_pct
1. Median $/mile baseline,2025-05,19110,9696,206.18429434903717,11.011408696752383,7.046453156517682,7.589344609389852,0.08000374472758981,-5.955066154627987
2. Plain LightGBM,2025-05,19110,9696,106.81155677874736,4.368359665652936,1.5924573574694112,2.1069795670821305,0.021404242664619967,-1.0705258800234647
3. Hybrid (final),2025-05,19110,9696,97.67373887104714,4.188395331628652,1.6005558019326607,1.9014094492852716,0.018937776762444066,0.3241219414475605
1. Median $/mile baseline,2025-06,24023,9695,210.25601756592752,10.414268026292198,6.704412150364371,7.377207350845754,0.07719428383320422,-4.743213556595607
2. Plain LightGBM,2025-06,24023,9695,115.75508001878093,4.344814128543192,1.7954325449992832,2.3086997994955527,0.023472698654183603,-1.374348418875479
3. Hybrid (final),2025-06,24023,9695,108.42503093831102,4.3264705647041755,1.927907388860655,2.237493152868442,0.022082521661786658,1.505850002447401
1. Median $/mile baseline,2025-07,28806,9671,222.7312102524866,10.105531489609128,6.699325989532114,7.340486765458721,0.07450130233908384,-0.6084676303589079
2. Plain LightGBM,2025-07,28806,9671,118.33256069308867,5.279059232874444,2.128725647410933,3.0718937118001644,0.03127951610274381,-1.1542448845346163
3. Hybrid (final),2025-07,28806,9671,116.6994932019039,5.174316954587355,2.6309536301084244,2.8477702632000517,0.027958053504304546,2.4562216556841543
1. Median $/mile baseline,2025-08,33718,9429,235.20872354071176,10.278765304671461,7.0791995207752105,7.597016285240002,0.07642198097455948,0.6764157363345685
2. Plain LightGBM,2025-08,33718,9429,123.64880628627006,5.432194798418009,2.78815050146584,3.265976177625887,0.03326629958539168,-2.287862118283388
3. Hybrid (final),2025-08,33718,9429,96.11271300684294,4.267052550410657,1.686461099649873,1.997209569821,0.01985808508856885,0.9102698874052746
1. Median $/mile baseline,2025-09,38477,9523,229.09657316845033,10.487418950668491,6.801434855590214,7.368351689226632,0.07485483818547546,-0.4820472935460486
2. Plain LightGBM,2025-09,38477,9523,133.07722715451786,5.716733910821801,3.112127563959923,3.2868336245951606,0.03358270437503284,-3.0900658277988176
3. Hybrid (final),2025-09,38477,9523,104.03342303935415,4.607001308258245,1.7577092046733886,2.1073844830682953,0.021349414904490143,-1.2869089663784983
